epoch,train_loss,val_dice,val_iou,lr,sec
1,0.38625,0.93694,0.88268,3.00e-04,32.5
2,0.2846,0.92587,0.8642,2.99e-04,30.6
3,0.2421,0.91724,0.85018,2.98e-04,29.9
4,0.2198,0.91204,0.84401,2.97e-04,30.7
5,0.19178,0.93318,0.87796,2.95e-04,30.4
6,0.1856,0.91197,0.84196,2.93e-04,29.9
7,0.18003,0.92317,0.86147,2.90e-04,29.9
8,0.17114,0.92067,0.85773,2.87e-04,29.4
9,0.15945,0.92658,0.86698,2.84e-04,31.3
10,0.15474,0.92934,0.87106,2.80e-04,30.6
11,0.14352,0.92622,0.86784,2.76e-04,30.3
12,0.14172,0.93343,0.87837,2.71e-04,30.6
13,0.13504,0.95039,0.90708,2.67e-04,30.9
14,0.13462,0.93494,0.88087,2.61e-04,30.3
15,0.13091,0.94449,0.89689,2.56e-04,30.4
16,0.12368,0.944,0.89665,2.50e-04,30.3
17,0.12235,0.94344,0.89584,2.44e-04,30.2
18,0.1191,0.94951,0.90589,2.38e-04,30.4
19,0.12083,0.94947,0.90646,2.32e-04,29.8
20,0.12257,0.94527,0.89976,2.25e-04,30.1
21,0.11306,0.95617,0.91824,2.18e-04,30.7
22,0.11729,0.94012,0.89087,2.11e-04,30.2
23,0.11644,0.95552,0.91725,2.04e-04,29.7
24,0.12385,0.96161,0.92776,1.96e-04,30.3
25,0.11465,0.9638,0.93149,1.89e-04,30.1
26,0.1128,0.95941,0.92383,1.81e-04,29.3
27,0.10463,0.94921,0.90647,1.73e-04,29.3
28,0.10097,0.95171,0.91123,1.66e-04,29.2
29,0.11306,0.956,0.91815,1.58e-04,29.2
30,0.10732,0.95998,0.92516,1.50e-04,29.2
31,0.10502,0.9464,0.90169,1.42e-04,29.3
32,0.11029,0.94799,0.90479,1.34e-04,29.3
33,0.09198,0.95598,0.91842,1.27e-04,29.2
34,0.10074,0.95396,0.91483,1.19e-04,29.2
35,0.10513,0.9493,0.90657,1.11e-04,29.2
36,0.10456,0.95742,0.92088,1.04e-04,29.2
37,0.10242,0.95585,0.91807,9.62e-05,29.2
38,0.09197,0.95799,0.92191,8.90e-05,29.2
39,0.0999,0.95527,0.91724,8.19e-05,29.2
40,0.10424,0.96047,0.92604,7.50e-05,29.2
41,0.09206,0.94975,0.90777,6.83e-05,29.2
42,0.09454,0.95655,0.91966,6.18e-05,29.3
43,0.09293,0.96068,0.92677,5.56e-05,29.2
44,0.0849,0.95557,0.91782,4.96e-05,29.2
45,0.0949,0.95956,0.92459,4.39e-05,29.2
46,0.09242,0.96118,0.92761,3.85e-05,29.3
47,0.0955,0.96167,0.92846,3.34e-05,29.5
48,0.08288,0.95514,0.91708,2.86e-05,29.4
49,0.08699,0.95704,0.92039,2.42e-05,29.8
50,0.09004,0.95753,0.9213,2.01e-05,29.5
51,0.08992,0.95651,0.9196,1.63e-05,29.5
52,0.09175,0.95593,0.91866,1.30e-05,29.4
53,0.09511,0.95786,0.92191,9.96e-06,29.4
54,0.08659,0.95884,0.92363,7.34e-06,29.4
55,0.08728,0.95741,0.92119,5.11e-06,29.4
56,0.08923,0.95866,0.92331,3.28e-06,29.3
57,0.08868,0.95773,0.92174,1.85e-06,29.4
58,0.08504,0.95881,0.92364,8.22e-07,29.4
59,0.09076,0.96073,0.92692,2.06e-07,29.4
60,0.08937,0.95822,0.92255,0.00e+00,29.4
